{
  "name": "knockout",
  "version": "3.0.0",
  "main": "knockout.js",
  "scripts": [
    "knockout.js"
  ],
  "dependencies": {},
  "ignore": [
    "**/.*",
    "node_modules",
    "components"
  ],
  "homepage": "https://github.com/bowerjs/knockout",
  "_release": "3.0.0",
  "_resolution": {
    "type": "version",
    "tag": "v3.0.0",
    "commit": "c01eeafe598a132edef605d8d79af6bf290eb6a3"
  },
  "_source": "git://github.com/bowerjs/knockout.git",
  "_target": "3.0.0",
  "_originalSource": "knockout.js"
}