{
  "name": "js-signals",
  "version": "1.0.0",
  "homepage": "http://millermedeiros.github.com/js-signals/",
  "authors": [
    "millermedeiros <miller@millermedeiros.com>"
  ],
  "description": "Custom Event/Messaging System",
  "main": "dist/signals.js",
  "keywords": [
    "signal",
    "signals",
    "event",
    "emitter",
    "pub/sub",
    "observer"
  ],
  "license": "MIT",
  "ignore": [
    "**/.*",
    "node_modules",
    "bower_components",
    "test",
    "tests",
    "build",
    "src",
    "build.xml",
    "package.json",
    "updateDocs.sh"
  ],
  "_release": "1.0.0",
  "_resolution": {
    "type": "version",
    "tag": "v1.0.0",
    "commit": "1a82bdd4097941bb010ab4a5757a67da460ce2f4"
  },
  "_source": "git://github.com/millermedeiros/js-signals.git",
  "_target": ">0.7 <2.0",
  "_originalSource": "js-signals"
}